start_lat,start_lon,end_lat,end_lon,time,dt,distance,aver_speed
11.50301,104.77637,11.49249,104.77303,1689178886,700,1225.079001,1.750112859
11.5565,104.9357,11.55763,104.93574,1689171924,332,540.6141658,1.628355921
11.54555,104.91974,11.53699,104.9234,1689139019,542,4483.818407,8.272727688
11.53549,104.89876,11.54138,104.90446,1689156323,287,902.546404,3.14476099
11.56323,104.85885,11.53317,104.82095,1689122286,906,5427.114561,5.990192672
11.55555,104.92067,11.56104,104.9118,1689137603,807,2109.243851,2.613685069
11.5411,104.90235,11.54491,104.90044,1689122815,292,512.5788372,1.755406977
11.52731,104.82685,11.5275,104.80118,1689146816,766,8031.784879,10.48535885
11.5459,104.94063,11.56661,104.92579,1689137186,1853,4540.599133,2.450404281
11.69614,104.83399,11.70104,104.83983,1689142282,327,837.3914117,2.560830005
11.53157,104.93902,11.55511,104.9286,1689151597,1053,3808.041737,3.61637392
11.56786,104.90795,11.5691,104.91826,1689137391,338,2999.981278,8.875684255
11.55442,104.89893,11.57306,104.9285,1689159826,5670,16463.73359,2.903656718
11.56651,104.90705,11.5693,104.90326,1689159110,217,974.6834243,4.491628683
11.67343,104.91572,11.66395,104.91392,1689144423,1368,2818.52973,2.06032875
11.62873,104.83872,11.62353,104.84495,1689138066,742,2077.619425,2.80002618
11.46269,104.8529,11.46085,104.84606,1689142337,352,772.9759199,2.195954318
11.58743,104.85774,11.60625,104.86042,1689145782,1508,2284.883017,1.515174415
11.55195,104.88862,11.55276,104.8788,1689145780,242,1148.822179,4.747199086
11.55056,104.91373,11.5419,104.91405,1689158444,382,2881.170751,7.542331809
11.58047,104.90023,11.58381,104.90596,1689125985,443,1168.816931,2.638412937
11.54349,104.89389,11.54777,104.93041,1689159000,1144,19780.97019,17.29105786
11.56596,104.88834,11.56911,104.89803,1689129870,631,1112.190499,1.762583992
11.56807,104.85365,11.5721,104.854,1689122060,329,648.1021942,1.969915484
11.57906,104.90182,11.58672,104.90337,1689153627,434,1120.354917,2.581462942
11.56915,104.88798,11.57802,104.89898,1689124693,728,1727.141825,2.372447562
11.49655,104.89633,11.48473,104.89523,1689124353,335,1319.780171,3.939642302
11.53113,104.94203,11.53819,104.96131,1689165294,406,2387.098832,5.879553773
11.55124,104.89698,11.54858,104.91351,1689124936,1226,1848.823625,1.508012745
11.58967,104.92762,11.559,104.9275,1689171375,842,8913.535899,10.58614715
11.5664,104.90634,11.56754,104.91137,1689166470,254,562.4236317,2.214266267
11.55833,104.88745,11.55762,104.88427,1689172122,744,1505.493082,2.023512207
11.53224,104.81607,11.52163,104.85325,1689122234,742,15467.25214,20.84535329
11.5604,104.92274,11.5442,104.89147,1689157538,2558,7265.648384,2.840362933
11.62315,104.91323,11.63168,104.92113,1689165258,599,1280.606997,2.137908175
11.58107,104.89291,11.56213,104.92656,1689122405,2205,5677.966058,2.575041296
11.555,104.84573,11.5492,104.8299,1689132092,297,1847.282887,6.219807701
11.55389,104.88703,11.57823,104.88878,1689149687,2006,4922.550309,2.453913414
11.53294,104.9295,11.55119,104.90163,1689151188,2397,5662.512546,2.362333144
11.56419,104.89763,11.56888,104.90552,1689121498,556,1036.164234,1.863604737
11.51239,104.93253,11.53822,104.88893,1689126788,1099,6834.79516,6.219103877
11.49687,104.8889,11.5261,104.8975,1689124953,806,3397.473784,4.21522802
11.55715,104.90879,11.56394,104.90884,1689152475,253,1293.883659,5.114164661
11.53697,104.92856,11.54678,104.91605,1689129113,1169,1932.694965,1.653289106
11.53612,104.89967,11.53191,104.89852,1689122056,317,491.7516757,1.551267116
11.55733,104.92564,11.56304,104.92511,1689140543,716,1286.070587,1.79618797
11.5383,104.89206,11.53501,104.9141,1689150135,915,2903.955923,3.17372232
11.57865,104.9239,11.57091,104.91885,1689162593,358,1021.442857,2.853192339
11.54654,104.83732,11.53432,104.82816,1689142648,272,4070.506771,14.96509842
11.58617,104.78036,11.57765,104.78364,1689143290,621,1635.389494,2.633477446
11.53178,104.93529,11.53213,104.92279,1689124200,538,1810.929756,3.366040439
11.52515,104.87914,11.53078,104.80561,1689129820,1496,16476.36942,11.01361592
11.53214,104.86627,11.53035,104.85312,1689170948,240,1479.57759,6.164906626
11.61019,104.86843,11.60815,104.86907,1689135119,336,590.744767,1.758168949
11.53999,104.8833,11.53459,104.88478,1689142784,213,621.726497,2.918903742
11.51734,104.95698,11.53415,104.95421,1689156081,447,2479.447975,5.546863479
11.58264,104.88747,11.57815,104.89028,1689125976,311,585.6298479,1.883054173
11.56112,104.88045,11.55537,104.87963,1689154472,421,675.8371558,1.605313909
11.58303,104.90974,11.59062,104.90591,1689160738,576,1092.714632,1.897074013
11.57194,104.92087,11.57693,104.85789,1689155540,1687,7162.565833,4.245741454
11.55223,104.87479,11.54764,104.87772,1689148534,396,1071.235205,2.705139406
11.55993,104.87855,11.56697,104.89858,1689142337,686,2370.202433,3.455105587
11.54423,104.9233,11.54328,104.90686,1689148467,679,1949.811135,2.871592246
11.62941,104.9233,11.63496,104.92063,1689133861,281,682.2122633,2.427801649
11.55323,104.87651,11.55125,104.88831,1689132458,468,1396.81155,2.984640064
11.44618,104.88184,11.46465,104.8904,1689127031,633,2297.943509,3.630242511
11.53102,104.85917,11.50007,104.87451,1689149600,623,12761.73712,20.48432925
11.6211,104.84877,11.62825,104.87105,1689143535,459,2660.824224,5.797002667
11.53311,104.87315,11.53011,104.86787,1689167206,240,696.6928247,2.902886769
11.55359,104.89837,11.5603,104.89387,1689130439,382,892.7610101,2.337070707
11.55544,104.91297,11.55302,104.88379,1689171101,802,3482.745196,4.342575057
11.58157,104.89738,11.58306,104.89419,1689157425,203,409.9901437,2.01965588
11.5846,104.91152,11.59026,104.88194,1689129368,751,4230.252866,5.632826719
11.54808,104.92196,11.5581,104.91575,1689144316,613,1743.074544,2.843514754
11.58055,104.90006,11.55453,104.92027,1689178250,530,4786.009239,9.030206112
11.55878,104.92537,11.55394,104.91858,1689136431,436,1518.677509,3.483205296
11.53031,104.87381,11.52511,104.87631,1689116336,414,648.7685239,1.567073729
11.5464,104.89675,11.55526,104.90818,1689119065,315,1604.917896,5.094977449
11.60919,104.86917,11.59852,104.88328,1689134803,438,2818.450868,6.434819333
11.53273,104.83235,11.50174,104.81867,1689158032,375,12866.01119,34.30936318
11.57413,104.88211,11.59625,104.87544,1689158964,920,2974.067725,3.23268231
11.53478,104.88454,11.52225,104.88389,1689159448,643,2289.065737,3.559977818
11.50388,104.98982,11.47328,104.97904,1689121987,967,4131.918371,4.272924892
11.67191,104.79345,11.66969,104.8028,1689139783,292,1047.676783,3.587934187
11.55164,104.7913,11.55076,104.78459,1689150582,700,1709.633938,2.442334197
11.56127,104.91432,11.62064,104.89169,1689134014,2476,8028.155825,3.242389267
11.55406,104.93227,11.55877,104.9245,1689171369,591,1005.925615,1.702073798
11.54267,104.92179,11.54798,104.90907,1689137285,732,1583.662365,2.163473176
11.56062,104.85286,11.56262,104.86592,1689138235,409,1440.018214,3.520826929
11.55249,104.9224,11.55757,104.92028,1689177140,272,630.0497517,2.316359381
11.57032,104.9205,11.57083,104.90874,1689151894,653,1282.335105,1.963759732
11.53645,104.97187,11.52827,104.96346,1689153763,678,1938.735285,2.859491571
11.54327,104.9102,11.5383,104.9142,1689126888,396,712.5399507,1.79934331
11.46032,104.888,11.45757,104.87303,1689145209,437,1659.821086,3.798217589
11.53328,104.83181,11.54757,104.836,1689158380,318,3660.762452,11.51183161
11.56834,104.90014,11.53544,104.8861,1689143147,1498,10476.17386,6.993440497
11.63212,104.84674,11.64242,104.84856,1689140354,295,1162.335044,3.940118792
11.53976,104.89188,11.54168,104.9083,1689150195,376,1801.604717,4.791501908
11.54501,104.90592,11.54991,104.92468,1689164279,1159,2982.934915,2.573714335
11.56237,104.89003,11.53807,104.87454,1689144461,864,4088.14147,4.73164522
11.58344,104.89824,11.56648,104.88243,1689157344,1616,3487.100299,2.157859096
11.52555,104.88779,11.53962,104.89006,1689155895,367,1583.942014,4.315918295
11.58195,104.88787,11.61165,104.884,1689162665,691,3681.421107,5.327671645
11.55405,104.83814,11.53856,104.81934,1689126814,636,2860.718555,4.497985149
11.5044,104.88997,11.5155,104.88287,1689140377,714,1843.855618,2.582430838
11.53329,104.92942,11.54425,104.92731,1689104685,490,1270.223009,2.592291854
11.57012,104.90355,11.58656,104.90559,1689166438,1574,2361.620244,1.500394056
11.53081,104.94377,11.53273,104.958,1689165859,320,1769.384511,5.529326598
11.59924,104.87469,11.59908,104.86284,1689151133,1483,2746.069172,1.8516987
11.6625,104.87437,11.65194,104.88437,1689144946,1487,3867.190949,2.600666408
11.54027,104.9014,11.54416,104.89501,1689140315,312,864.6090062,2.771182712
11.58791,104.92523,11.58746,104.91933,1689101254,311,644.6546624,2.072844574
11.56807,104.92112,11.57368,104.92117,1689138378,506,1521.91144,3.007730119
11.57986,104.91852,11.58157,104.91326,1689160528,417,1683.805497,4.03790287
11.55592,104.92847,11.56451,104.92438,1689154538,478,1733.908148,3.627422904
11.54426,104.92811,11.51339,104.89267,1689149660,1353,6894.978583,5.09606695
11.53934,104.9282,11.56215,104.9153,1689141706,1448,3195.483248,2.206825448
11.55856,104.84172,11.56936,104.8389,1689144398,824,1241.079096,1.506163952
11.5626,104.87641,11.57066,104.90886,1689137453,472,12179.06583,25.80310558
11.55684,104.87601,11.55584,104.89464,1689142376,1090,2582.56421,2.369324963
11.56759,104.89909,11.554,104.90185,1689161070,945,1581.3843,1.673422539
11.51282,104.88663,11.52201,104.86779,1689149464,753,2314.145382,3.073234239
11.55302,104.92875,11.54549,104.92611,1689151060,226,1155.224533,5.111612977
11.55528,104.91428,11.55551,104.92298,1689161162,380,1536.231583,4.042714692
11.5781,104.91531,11.58255,104.91232,1689119418,284,592.3926757,2.085889703
11.53509,104.88552,11.52823,104.88681,1689153679,391,781.1947138,1.997940444
11.57652,104.79155,11.58193,104.80062,1689123161,1662,3761.226022,2.263072215
11.54927,104.90545,11.54859,104.90047,1689161503,346,561.6722824,1.623330296
11.56245,104.87632,11.56274,104.86537,1689131130,399,1202.07649,3.012723032
11.59761,104.91021,11.59869,104.91882,1689126058,2047,3774.058676,1.843702333
11.57238,104.92855,11.53355,104.91422,1689149904,1869,5097.785062,2.72754685
11.54403,104.91987,11.53482,104.92379,1689147528,352,2065.20894,5.867070852
11.59036,104.865,11.59743,104.86957,1689142472,344,930.4992447,2.704939665
11.57525,104.87075,11.56154,104.88818,1689133489,2030,3329.77849,1.640284971
11.54126,104.90496,11.54065,104.89087,1689119977,243,1554.50893,6.397156092
11.56862,104.90192,11.5748,104.88663,1689130927,1149,1801.804686,1.568150293
11.57727,104.88769,11.58093,104.89633,1689123725,425,1763.603554,4.149655421
11.53865,104.89677,11.55819,104.8941,1689149014,827,2410.909397,2.915247155
11.55516,104.90588,11.55707,104.90775,1689133597,305,901.1527373,2.954599139
11.54661,104.93357,11.54809,104.93142,1689146907,266,881.1421929,3.312564635
11.5266,104.91983,11.53257,104.91327,1689124338,436,1057.299169,2.424998095
11.60393,104.91128,11.59363,104.91147,1689139924,270,1792.548179,6.63906733
11.52732,104.84894,11.5256,104.90033,1689160360,2169,6414.684551,2.957438705
11.54473,104.91131,11.54716,104.9226,1689150875,414,1862.69012,4.499251498
11.5948,104.89518,11.60534,104.90578,1689164957,1145,3797.310487,3.316428373
11.53349,104.96022,11.55173,104.92125,1689114109,1871,11881.80992,6.350513049
11.56867,104.84191,11.56091,104.85267,1689143178,573,2103.817564,3.671583881
11.55991,104.89037,11.54783,104.88256,1689156124,751,1716.747666,2.285948956
11.43834,104.83067,11.44122,104.85826,1689118985,375,8889.443262,23.70518203
11.53922,104.91062,11.53213,104.9136,1689145182,201,1854.383013,9.225786134
11.59548,104.9309,11.61597,104.92714,1689156830,419,2320.121132,5.537281937
11.53436,104.88243,11.54377,104.91283,1689123269,1750,4390.620093,2.508925768
11.54196,104.9153,11.55528,104.90634,1689172787,348,1800.36638,5.173466609
11.55356,104.91316,11.56081,104.91621,1689123730,421,871.9539009,2.071149408
11.58705,104.92759,11.58611,104.92727,1689166791,260,416.3392059,1.601304638
11.53036,104.85366,11.52572,104.85134,1689125017,354,586.6776338,1.657281451
11.58534,104.91521,11.59056,104.92509,1689167215,380,2122.261807,5.584899493
11.57538,104.91948,11.56591,104.91987,1689145448,650,1541.68813,2.371827892
11.54811,104.89712,11.54321,104.89336,1689122169,611,1358.34313,2.223147512
11.57093,104.91125,11.57046,104.90627,1689158292,314,551.2545648,1.755587786
11.55798,104.90813,11.56742,104.90356,1689128998,326,5229.385424,16.04105958
11.59458,104.92575,11.60018,104.92653,1689166068,287,628.4619032,2.189762729
11.53455,104.92956,11.57008,104.92192,1689147325,1089,8172.765354,7.504835035
11.56826,104.91441,11.58256,104.92122,1689163797,1143,1754.624734,1.535104754
11.49335,104.87224,11.51191,104.87392,1689138844,256,2102.202178,8.211727256
11.60997,104.92543,11.58281,104.92758,1689156022,473,3576.325583,7.560942036
11.4682,104.79172,11.4647,104.79942,1689174841,498,924.9727663,1.857375033
11.56089,104.85349,11.53203,104.81392,1689129487,1419,15262.99785,10.7561648
11.57787,104.85155,11.57471,104.85506,1689123894,287,519.979765,1.811776185
11.55924,104.89891,11.56379,104.90298,1689137670,308,957.3594432,3.108309881
11.53776,104.81848,11.53354,104.84318,1689136823,862,4031.820163,4.677285571
11.52983,104.82867,11.52406,104.79157,1689155781,659,11824.44245,17.94300827
11.56939,104.89786,11.58254,104.89796,1689129770,472,2058.450693,4.361124349
11.56663,104.92474,11.56297,104.91615,1689122593,409,1020.442001,2.494968218
11.54589,104.90721,11.5668,104.91224,1689121398,843,2390.795132,2.836055909
11.58962,104.86929,11.57312,104.82192,1689132623,1189,5618.924511,4.725756527
11.55482,104.93423,11.5698,104.92742,1689126732,564,1823.441406,3.233052139
11.56084,104.90753,11.53325,104.914,1689158101,597,11107.49399,18.60551757
11.50852,104.89132,11.54473,104.90619,1689126592,1243,6784.063191,5.457814313
11.56209,104.88089,11.56431,104.88678,1689140187,279,1135.568512,4.070138035
11.55182,104.9078,11.54934,104.88921,1689161572,1290,2293.492361,1.777901055
11.58827,104.89982,11.57707,104.91094,1689124192,679,1737.627427,2.55909783
11.53835,104.91683,11.55184,104.9051,1689134244,1442,4191.017843,2.906392402
11.47064,104.84441,11.46631,104.83836,1689127103,331,821.0590321,2.480540883
11.56188,104.92511,11.57157,104.92173,1689142157,328,2197.620642,6.700062932
11.53716,104.81488,11.5613,104.85352,1689144301,870,5522.770976,6.348012617
11.64196,104.87849,11.57808,104.92443,1689118439,1465,11736.3227,8.011141773
11.54612,104.89632,11.53338,104.88791,1689165821,442,1687.109167,3.816989064
11.61727,104.92664,11.57695,104.90658,1689160051,1299,6456.647768,4.970475572
11.57139,104.88823,11.5662,104.89363,1689134061,666,1533.96153,2.303245541
11.59914,104.90186,11.59458,104.89541,1689145612,1162,2588.927194,2.227992422
11.54093,104.83047,11.57764,104.86069,1689125653,2094,5522.359376,2.637229884
11.52207,104.87994,11.51533,104.8803,1689144764,394,750.4805901,1.904773071
11.53991,104.91375,11.53954,104.91789,1689124366,238,496.1905066,2.084834062
11.52561,104.79573,11.52308,104.78951,1689128783,412,744.5557688,1.807174196
11.546,104.88585,11.54513,104.88908,1689172972,212,906.4461207,4.275689249
11.57661,104.87984,11.57977,104.87702,1689173312,291,471.7770804,1.621227081
11.55212,104.91132,11.55296,104.91135,1689164287,227,348.8106335,1.53661072
11.5652,104.93224,11.55955,104.8884,1689172144,1409,5032.593201,3.571748191
11.52524,104.87986,11.5285,104.88527,1689163636,235,826.8947593,3.518701103
11.49594,104.87341,11.51943,104.88524,1689160571,913,3216.413072,3.522905884
11.59986,104.90027,11.63186,104.88222,1689140528,544,5170.894113,9.505320062
11.53738,104.96962,11.53079,104.94561,1689129227,646,5054.590921,7.824444151
11.5128,104.94634,11.51773,104.94599,1689127586,363,549.516588,1.513819802
11.55288,104.91643,11.55297,104.90756,1689139297,268,966.3698919,3.605857806
11.52463,104.79276,11.5283,104.79987,1689138660,357,875.5689215,2.45257401
11.57625,104.91746,11.56541,104.9039,1689152643,2507,5502.593612,2.194891748
11.55483,104.92316,11.53052,104.93058,1689152419,958,2825.520771,2.949395377
11.58363,104.88752,11.54541,104.91011,1689121107,3356,6679.835606,1.990415854
11.50969,104.94361,11.49384,104.94875,1689157379,289,1849.432733,6.399421221
11.55443,104.85743,11.55354,104.82868,1689116488,1269,4177.570456,3.292017696
11.56213,104.91636,11.55044,104.93986,1689164500,821,3570.447159,4.348900316
11.5647,104.89686,11.55271,104.87973,1689138552,2770,4251.356776,1.53478584
11.56521,104.84184,11.56297,104.86295,1689146541,773,4141.007653,5.357060353
11.54398,104.95284,11.53622,104.95513,1689166296,413,898.2183268,2.174862777
11.53048,104.80492,11.52031,104.77765,1689126637,373,3625.468731,9.719755311
11.54488,104.93252,11.52999,104.92954,1689174723,517,2619.998302,5.067694975
11.55571,104.91426,11.53319,104.95373,1689144037,1399,15813.06684,11.3031214
11.58606,104.8795,11.58647,104.88369,1689147673,741,1190.703752,1.606887655
11.56865,104.89643,11.56784,104.90039,1689164652,515,1004.208701,1.949919807
11.51551,104.88488,11.5283,104.8246,1689142004,3519,11042.00787,3.137825481
11.56634,104.893,11.55837,104.90803,1689141573,543,3410.84294,6.281478711
11.55665,104.88512,11.55314,104.86111,1689160929,1097,6116.031268,5.575233608
11.52277,104.85319,11.53764,104.92367,1689122031,2622,8465.714351,3.228724009
11.57137,104.91647,11.56768,104.93117,1689171171,703,1854.347306,2.637762883
11.50586,104.85864,11.54708,104.90251,1689140803,2096,10098.05735,4.817775451
11.53986,104.91684,11.53737,104.91139,1689127521,325,655.1472745,2.015837768
11.59508,104.81143,11.58955,104.86934,1689167746,1183,8188.792773,6.922056444
11.5818,104.89706,11.5634,104.90713,1689156785,588,3632.014929,6.176896137
11.57485,104.89487,11.56296,104.90098,1689143920,619,1491.621745,2.409728182
11.54467,104.90992,11.54743,104.90538,1689161970,265,639.6714463,2.413854514
11.5258,104.88178,11.5235,104.90894,1689159512,1424,3005.828173,2.110834391
11.50215,104.83518,11.50396,104.85584,1689159072,981,2322.837733,2.367826435
11.56901,104.89975,11.55794,104.9014,1689172638,332,1251.798685,3.770477967
11.55191,104.84343,11.55265,104.84403,1689120708,248,430.6056705,1.736313188
11.60313,104.907,11.60649,104.90081,1689143647,681,1771.237073,2.600935497
11.468,104.99164,11.4677,104.99786,1689172973,323,678.6462986,2.101072132
11.55782,104.89722,11.56723,104.89643,1689162780,554,1073.739037,1.938157107
11.57926,104.9067,11.61947,104.92624,1689148651,895,6620.101373,7.39676131
11.58777,104.90735,11.55492,104.93792,1689128954,1234,6726.685988,5.451123167
11.56664,104.90525,11.58672,104.91327,1689162942,3064,4906.838969,1.60144875
11.56965,104.90001,11.57974,104.90001,1689158664,538,1177.458084,2.188583799
11.5438,104.90258,11.58097,104.88746,1689131125,1777,5091.684021,2.865325842
11.56349,104.88944,11.57539,104.89629,1689179653,412,1921.957481,4.664945342
11.52208,104.90153,11.51334,104.87958,1689134636,1016,2927.523241,2.881420513
11.55422,104.93939,11.53362,104.91658,1689160606,1772,3778.413923,2.132287767
11.54782,104.92537,11.54412,104.92347,1689152059,263,647.379528,2.461519118
11.55325,104.90858,11.56835,104.91963,1689146369,679,2326.713582,3.426676852
11.5021,104.81884,11.56246,104.87971,1689135288,945,25382.21531,26.8594871
11.56293,104.86126,11.56267,104.86849,1689124723,432,788.1553853,1.824433762
11.54218,104.91344,11.54082,104.89766,1689132720,1036,3310.309825,3.195279754
11.54222,104.91237,11.54023,104.91571,1689135348,358,842.5289717,2.353432882
11.63074,104.88324,11.61045,104.88792,1689155398,2419,10107.0103,4.178177057
11.63997,104.91843,11.64861,104.90846,1689126260,450,1467.636517,3.261414482
11.57747,104.92451,11.58402,104.90053,1689156259,1812,3748.698282,2.068818036
11.55432,104.93342,11.55703,104.91587,1689181051,653,1935.519768,2.964042524
11.54852,104.92413,11.53544,104.929,1689156743,577,3776.713631,6.545430903
11.57653,104.91827,11.56729,104.90298,1689143251,753,2089.959229,2.775510264
11.57106,104.86158,11.62599,104.85661,1689117849,882,7423.5584,8.416732879
11.56526,104.89124,11.57818,104.91539,1689119358,1085,3118.237075,2.873951221
11.57705,104.92195,11.58204,104.91909,1689141182,368,648.364382,1.761859734
11.58993,104.92846,11.6125,104.92837,1689137024,514,4871.286411,9.477210917
11.50626,104.87837,11.52983,104.88408,1689151838,1831,2862.569023,1.563391056
11.5348,104.88532,11.53291,104.87195,1689144385,393,1996.193943,5.079373902
11.57841,104.90948,11.58469,104.90874,1689124586,282,712.0931825,2.52515313
11.5629,104.86779,11.55772,104.84896,1689154817,322,2944.710837,9.145064712
11.56565,104.93169,11.61089,104.92839,1689134645,1092,17149.41364,15.70459124
11.56289,104.89172,11.55225,104.9029,1689145977,958,3330.771459,3.47679693
11.57548,104.89633,11.58688,104.86615,1689158515,1481,4866.964586,3.286269133
11.57149,104.91062,11.56098,104.91412,1689118627,400,2869.992529,7.174981322
11.49862,104.85018,11.50785,104.8574,1689162085,636,1860.64214,2.925537956
11.60546,104.90031,11.6072,104.91373,1689156255,513,1910.011228,3.723218769
11.52861,104.88717,11.5117,104.88237,1689159030,702,2288.994048,3.260675281
11.53241,104.96481,11.55202,104.90228,1689117777,2203,9723.520516,4.413763285
11.58744,104.89925,11.6298,104.92328,1689123182,3444,11077.0976,3.216346573
11.58662,104.9194,11.55667,104.92043,1689151642,1209,3673.51934,3.038477535
11.51754,104.78041,11.51708,104.77454,1689161278,1373,2467.882493,1.797438087
11.54472,104.91582,11.53638,104.92339,1689162027,596,1530.19378,2.567439228
11.49344,104.83394,11.48908,104.82832,1689136698,285,805.5954759,2.826650793
11.55055,104.90416,11.55638,104.89267,1689154160,664,1580.486135,2.380250204
11.6042,104.91752,11.60043,104.91322,1689174784,295,628.5890404,2.130810306
11.53521,104.91714,11.53846,104.93769,1689131800,1428,2360.086506,1.652721643
11.56242,104.90113,11.57838,104.8998,1689127704,380,1812.208943,4.768970903
11.50922,104.83105,11.50198,104.83135,1689143691,408,805.7157654,1.974793543
11.51831,104.95396,11.53471,104.96007,1689141937,547,2759.711228,5.045175919
11.57311,104.91852,11.57771,104.91738,1689159117,245,747.789347,3.052201416
11.53622,104.92192,11.54135,104.91644,1689132132,377,826.4255862,2.192110308
11.54668,104.90887,11.54959,104.9038,1689137019,220,684.5676186,3.111670994
11.56667,104.89543,11.56562,104.87488,1689126496,507,2586.210068,5.101006051
11.68691,104.88955,11.68093,104.92017,1689155965,230,3697.131037,16.07448277
11.56404,104.8863,11.56295,104.86731,1689140822,548,2954.133525,5.390754607
11.5312,104.92524,11.53126,104.93396,1689138575,220,961.0737811,4.368517187
11.55958,104.86632,11.58547,104.86818,1689154431,1078,4632.010101,4.296855382
11.50222,104.82022,11.49801,104.8337,1689157476,1430,2294.241767,1.604364872
11.63074,104.87382,11.62838,104.88616,1689149423,621,1825.112016,2.938988753
11.53243,104.83575,11.52703,104.83766,1689153139,399,635.4909094,1.592709046
11.58456,104.91132,11.55505,104.88896,1689127058,685,5282.44852,7.711603678
11.53259,104.9558,11.53203,104.93595,1689171149,516,3600.241015,6.977211269
11.55674,104.88242,11.54667,104.8624,1689160522,681,2489.11727,3.655091439
11.59041,104.89752,11.61465,104.90796,1689144823,850,3390.579883,3.98891751
11.54524,104.91063,11.54967,104.89247,1689164181,831,2496.559429,3.004283308
11.64047,104.91846,11.64795,104.90712,1689143504,334,5236.923942,15.679413
11.53649,104.86403,11.52849,104.83996,1689127456,1482,2964.268437,2.000181131
11.58362,104.88759,11.56715,104.87086,1689155097,1115,5732.814496,5.141537664
11.56175,104.90595,11.5532,104.88783,1689164929,904,2988.471233,3.30583101
11.5539,104.9148,11.55686,104.94345,1689121596,2237,3769.672924,1.685146591
11.53143,104.93473,11.53291,104.93534,1689134745,185,374.2191369,2.022806146
11.5837,104.88213,11.58766,104.89991,1689131157,1266,2625.108867,2.073545709
11.57364,104.92682,11.58057,104.91938,1689137624,656,1936.70128,2.952288537
11.56831,104.91269,11.56232,104.89787,1689150111,616,1746.451641,2.835148768
11.56314,104.92501,11.54549,104.91626,1689160002,1180,4539.517682,3.847048883
11.58304,104.83716,11.57041,104.83364,1689150463,418,2213.436778,5.295303296
11.5677,104.93894,11.54986,104.92899,1689125995,1052,2965.386888,2.818808829
11.55243,104.87885,11.54534,104.86014,1689162225,649,2433.601645,3.74977141
11.5639,104.85311,11.56836,104.85408,1689142029,575,2142.227901,3.725613741
11.54587,104.81062,11.53713,104.81287,1689149343,404,1002.283166,2.480898927
11.58444,104.86299,11.57753,104.87238,1689149010,313,1279.307605,4.087244745
11.55461,104.93071,11.56201,104.92882,1689148411,422,1223.497129,2.899282296
11.55749,104.90853,11.5675,104.90681,1689164904,297,1128.724018,3.800417571
11.5605,104.90113,11.55399,104.92646,1689161196,2691,6708.057935,2.492775152
11.55177,104.87096,11.5338,104.86696,1689151244,461,2103.307281,4.56248868
11.56827,104.91076,11.56919,104.9171,1689141806,502,1188.687192,2.367902774
11.53919,104.92038,11.53941,104.91409,1689164740,409,1607.867603,3.931216634
11.54786,104.9349,11.55623,104.93329,1689161238,523,1689.800088,3.230975311
11.56905,104.90042,11.5556,104.8762,1689128788,1292,3342.947836,2.587420925
11.53123,104.83858,11.54851,104.91551,1689122012,2572,10795.39224,4.197275366
11.56305,104.86304,11.55597,104.84682,1689174372,725,2013.466899,2.777195722
11.51323,104.92811,11.53692,104.9234,1689148136,662,3641.916989,5.501385179
11.56307,104.8753,11.5731,104.89713,1689122698,1059,2761.49866,2.60764746
11.55435,104.84155,11.57348,104.85422,1689121128,1276,2688.77519,2.107190587
11.563,104.85376,11.55416,104.84008,1689134983,403,1785.277159,4.429968137
11.56758,104.90191,11.55166,104.91586,1689163265,858,3389.592613,3.950574141
11.58948,104.89646,11.59091,104.90706,1689133721,401,2143.534881,5.345473519
11.69822,104.93223,11.72044,104.95872,1689121368,2226,3848.748101,1.72899735
11.54358,104.92784,11.53342,104.95983,1689163618,2492,5461.272959,2.191522054
11.58662,104.87843,11.54918,104.89752,1689144513,1170,5770.406058,4.93197099
11.55221,104.93623,11.55986,104.92735,1689143317,418,5775.930894,13.81801649
11.56912,104.92816,11.54719,104.92279,1689159801,665,2616.458625,3.934524248
11.54164,104.89197,11.53625,104.88654,1689151043,305,883.9947735,2.89834352
11.54929,104.8504,11.54651,104.85731,1689125009,218,813.8006581,3.733030542
11.57423,104.88377,11.58913,104.89712,1689153692,993,2323.930086,2.340312272
11.57831,104.9009,11.58657,104.8871,1689119025,414,1782.922835,4.306576895
11.52993,104.92922,11.53152,104.93928,1689152793,300,2498.755903,8.329186344
11.50481,104.83303,11.53464,104.91222,1689121414,3007,10148.83802,3.375070841
11.55597,104.92062,11.54574,104.94076,1689165795,1290,2897.895363,2.246430514
11.52229,104.9025,11.50777,104.89504,1689095187,571,1817.632859,3.183244937
11.54469,104.89594,11.54358,104.88008,1689129262,1368,2282.969577,1.66883741
11.57196,104.92924,11.55218,104.93648,1689133485,624,2395.543134,3.839011433
11.52926,104.93575,11.55387,104.92312,1689153662,772,3423.485668,4.434566928
11.5477,104.92577,11.5616,104.91423,1689132855,962,1992.343505,2.071043144
11.57398,104.88199,11.55897,104.87122,1689159532,788,2450.969282,3.110367109
11.58364,104.91636,11.57705,104.91731,1689131748,271,1164.677452,4.297702777
11.56205,104.91966,11.55644,104.92055,1689124319,302,632.9805801,2.095962186
11.58365,104.89809,11.58059,104.90027,1689145388,900,1674.999463,1.861110515
11.56294,104.91567,11.56593,104.9017,1689135815,713,1564.760324,2.194614761
11.57269,104.89874,11.5713,104.9197,1689136560,674,2312.122679,3.430449079
11.54631,104.90293,11.55261,104.92255,1689126568,1288,2385.034365,1.851734756
11.53668,104.88695,11.53429,104.88127,1689160377,450,1053.148875,2.340330834
11.56327,104.88263,11.56774,104.90572,1689163529,1468,4580.641324,3.120327878
11.53062,104.82689,11.54756,104.8645,1689126543,1242,8498.239086,6.842382517
11.52759,104.91106,11.56203,104.90743,1689121633,1251,4550.733329,3.637676522
11.52794,104.91599,11.52945,104.92144,1689125185,586,2370.155875,4.044634599
11.54687,104.89717,11.54623,104.90929,1689160127,506,1626.22765,3.213888636
11.55011,104.90392,11.55535,104.90905,1689154137,397,823.1302334,2.073375903
11.60814,104.92956,11.58949,104.92654,1689136893,476,10236.48581,21.5052223
11.56462,104.92767,11.56758,104.92431,1689156447,453,2052.318067,4.530503459
11.52165,104.90439,11.51718,104.84167,1689145940,2387,8328.957753,3.489299436
11.58305,104.83042,11.58845,104.80723,1689126172,1376,3312.492797,2.407334881
11.52657,104.78132,11.53296,104.76891,1689165300,1783,3099.664163,1.738454382
11.58528,104.89874,11.5827,104.88311,1689148541,464,1733.289034,3.735536712
11.56857,104.86634,11.56302,104.88094,1689142094,503,1706.016729,3.391683357
11.57097,104.91206,11.57175,104.89951,1689162445,213,2906.169767,13.64398952
11.58842,104.92438,11.56964,104.92866,1689121701,1419,2832.392858,1.996048526
11.57514,104.91826,11.57752,104.92072,1689142372,225,461.2217739,2.049874551
11.56214,104.91945,11.56951,104.92012,1689126924,200,1312.06531,6.56032655
11.54226,104.92268,11.56194,104.91998,1689122258,706,2540.875009,3.598973101
11.56298,104.84174,11.56141,104.85117,1689145183,442,1184.40062,2.679639411
11.44785,104.88677,11.44543,104.88228,1689165169,227,617.552608,2.720496071
11.55415,104.87946,11.55222,104.86478,1689157841,496,1951.151982,3.933774157
11.5487,104.86738,11.55047,104.8979,1689148879,684,3403.490874,4.975863851
11.5509,104.87061,11.57151,104.87066,1689122038,937,2306.129355,2.461183944
11.52676,104.91875,11.5206,104.92962,1689163516,391,1372.040947,3.50905613
11.54321,104.90576,11.56224,104.90115,1689133181,1527,2736.994572,1.792399851
11.5712,104.88808,11.52923,104.83696,1689133666,1740,10239.33354,5.88467445
11.55304,104.93035,11.5649,104.92524,1689145002,627,1431.453839,2.283020476
11.5478,104.9311,11.54798,104.91882,1689171723,920,1449.183983,1.575199982
11.55869,104.89527,11.5619,104.88764,1689158957,537,904.6047918,1.684552685
11.54543,104.91059,11.52735,104.91684,1689173724,594,2166.89395,3.647969613
11.55532,104.9101,11.54796,104.918,1689150850,2499,5748.582825,2.300353271
11.63187,104.88356,11.62031,104.88936,1689123619,223,1630.298614,7.310756118
11.57093,104.9268,11.57322,104.91668,1689135866,602,1368.203135,2.272762682
11.49251,104.85636,11.50795,104.85743,1689115226,300,1731.305461,5.771018203
11.53702,104.88676,11.53162,104.86178,1689133726,782,2807.875866,3.5906341
11.53615,104.91241,11.52566,104.91839,1689155578,739,1336.061401,1.807931531
11.55144,104.86994,11.55307,104.88447,1689154917,485,1609.956967,3.319498902
11.61092,104.88186,11.59782,104.87158,1689118131,812,2458.561701,3.027785346
11.66188,104.8618,11.66414,104.85566,1689151655,287,1036.450467,3.611325668
11.53497,104.92368,11.53014,104.92841,1689150997,424,845.4661893,1.994024031
11.57265,104.87075,11.58088,104.88256,1689159430,283,1590.202425,5.619089839
11.53566,104.81743,11.53471,104.81283,1689111189,282,514.8652602,1.825763334
11.57625,104.88762,11.56332,104.88976,1689125576,420,1729.526959,4.117921331
11.53681,104.90762,11.54783,104.91792,1689146152,718,1671.416945,2.327878754
11.59112,104.89703,11.60876,104.886,1689176867,211,2478.320754,11.74559599
11.56354,104.89178,11.53717,104.9106,1689157410,2258,3906.905557,1.730250468
11.56189,104.89488,11.53565,104.9346,1689146138,3198,8340.931733,2.608171273
11.57,104.93724,11.58861,104.92476,1689176050,325,3457.139641,10.63735274
11.57136,104.89965,11.58868,104.90737,1689150236,1040,2520.150322,2.423221463
11.59631,104.81102,11.59496,104.81833,1689110797,373,827.7991145,2.219300575
11.55204,104.92673,11.55497,104.92619,1689155702,241,428.2363035,1.776914122
11.49659,104.86718,11.49156,104.87153,1689163371,533,1253.613893,2.351996047
11.59671,104.81085,11.58602,104.82255,1689120968,623,1742.748178,2.797348601
11.53624,104.92097,11.53801,104.92329,1689121877,282,725.9909286,2.574435917
11.56133,104.89638,11.53435,104.91234,1689137647,855,13930.56667,16.29306044
11.50206,104.84134,11.50857,104.85902,1689153500,786,2594.878521,3.301372164
11.57263,104.91816,11.57459,104.90493,1689151304,252,2267.598971,8.998408615
11.56639,104.90665,11.5596,104.93314,1689163127,1156,3223.414569,2.788420908
11.55444,104.88705,11.44341,104.87793,1689145591,3010,14541.89434,4.831194132
11.66156,104.7832,11.67119,104.78144,1689140630,400,1099.550362,2.748875904
11.57361,104.87718,11.56875,104.86074,1689153831,330,1872.019234,5.672785556
11.53621,104.92881,11.55091,104.92135,1689155098,840,3163.069785,3.765559268
11.56675,104.8532,11.56737,104.81771,1689172040,889,4122.700613,4.637458508
11.53351,104.95462,11.52953,104.95963,1689162194,288,702.7092029,2.43996251
11.56387,104.89141,11.56904,104.88903,1689130663,447,862.8650848,1.930346946
11.54377,104.88259,11.54274,104.88634,1689134680,244,424.2976845,1.738924936
11.58847,104.91578,11.5944,104.91174,1689158414,380,792.7479611,2.086178845
11.53445,104.82834,11.52473,104.79375,1689130212,494,12663.63258,25.63488377
11.62725,104.92424,11.63161,104.9221,1689143869,334,537.925779,1.610556225
11.55905,104.84156,11.56293,104.86573,1689124406,564,11946.89866,21.18244442
11.49825,104.83505,11.50346,104.82048,1689151718,1067,1782.093837,1.670191037
11.53694,104.9687,11.52685,104.96349,1689117434,852,4325.666509,5.077073368
11.59067,104.89075,11.58947,104.89753,1689161550,342,753.6549349,2.2036694
11.58271,104.87045,11.58232,104.87378,1689166676,726,1322.585864,1.821743614
11.53759,104.91753,11.5304,104.93528,1689154697,1478,2442.139245,1.652326959
11.56687,104.90051,11.54959,104.83907,1689145121,971,22000.59412,22.65766645
11.59527,104.87434,11.59851,104.88292,1689137261,575,1248.107033,2.170620928
11.52614,104.92778,11.54723,104.93083,1689169095,1741,3088.656436,1.774070325
11.53069,104.7763,11.53039,104.76831,1689098134,374,889.2345322,2.377632439
11.54157,104.91682,11.53113,104.91342,1689155191,329,1218.54414,3.70378158
11.54034,104.82337,11.58146,104.8019,1689159412,1551,5417.430382,3.492862916
11.55595,104.84676,11.54932,104.83887,1689173616,344,1133.301987,3.294482519
11.52005,104.89761,11.51296,104.8879,1689154511,390,1504.306625,3.857196475
11.55671,104.91584,11.56221,104.91061,1689160014,562,1204.766009,2.143711761
11.51115,104.85899,11.50426,104.85089,1689154382,572,1168.717,2.043211539
11.50885,104.88888,11.51225,104.89043,1689163460,283,635.2309585,2.244632362
11.52712,104.89852,11.51144,104.89296,1689117882,648,1903.656888,2.937742111
11.54378,104.89313,11.54529,104.88389,1689161403,465,1052.297747,2.263005908
11.57165,104.88792,11.59302,104.8812,1689129116,894,2895.100257,3.238367178
11.5386,104.90786,11.5468,104.89701,1689129500,720,1601.074176,2.223714133
11.54524,104.92178,11.54059,104.89097,1689156336,1642,4046.484461,2.464363253
11.62857,104.88574,11.58321,104.89138,1689124623,849,6405.479062,7.544733877
11.53384,104.87407,11.5225,104.87371,1689170864,553,1261.562125,2.281305831
11.55581,104.93751,11.57117,104.94201,1689157710,630,1945.075015,3.087420659
11.56968,104.8995,11.5816,104.89739,1689139983,416,1504.235321,3.61595029
11.56221,104.91537,11.56148,104.89076,1689143674,1696,2695.990003,1.589616747
11.63168,104.92219,11.65693,104.91327,1689158502,314,3856.170905,12.28079906
11.56474,104.89139,11.59105,104.89744,1689168034,750,3042.329187,4.056438916
11.51267,104.82019,11.54744,104.81049,1689120851,656,4487.034477,6.83999158
11.5682,104.93078,11.56569,104.89817,1689173408,1742,4547.588296,2.610555853
11.5564,104.91821,11.54421,104.91794,1689106204,267,1357.751993,5.085213456
11.56092,104.85281,11.57191,104.85399,1689133654,302,1228.77623,4.068795463
11.59082,104.89701,11.56875,104.9111,1689124595,1429,3185.46781,2.229158719
11.56136,104.92637,11.55783,104.93054,1689148034,276,2686.047929,9.732057715
11.54715,104.91002,11.5523,104.93218,1689146847,2278,5075.304433,2.227965072
11.57431,104.87693,11.56693,104.87552,1689158604,441,1053.672931,2.389281023
11.56288,104.90646,11.56365,104.8992,1689156910,294,795.5128312,2.705825956
11.59401,104.88034,11.60564,104.86975,1689107859,693,1732.898681,2.500575298
11.45989,104.77944,11.46156,104.78258,1689123152,207,389.329564,1.88081915
11.53732,104.83044,11.5413,104.83502,1689144493,294,681.0676812,2.316556739
11.53596,104.88636,11.525,104.8737,1689127641,1047,1840.583563,1.757959468
11.5192,104.91705,11.51384,104.92704,1689140579,364,3149.455167,8.652349359
11.54604,104.92468,11.55533,104.91425,1689160767,390,1907.912849,4.892084229
11.58952,104.85339,11.56195,104.85428,1689149228,608,3120.726305,5.132773527
11.6294,104.91208,11.61181,104.92554,1689145534,415,2445.872611,5.893668942
11.55131,104.90285,11.54855,104.89811,1689157684,284,989.3860097,3.483753555
11.53449,104.93314,11.53262,104.92903,1689110277,681,1988.118435,2.91941033
11.55838,104.91986,11.56512,104.9003,1689157361,622,3874.331469,6.228828728
11.58521,104.88212,11.59936,104.88381,1689139732,324,2159.255007,6.664367305
11.58087,104.8846,11.57025,104.89994,1689122536,819,2448.274621,2.989346301
11.53759,104.89772,11.53132,104.87744,1689125813,1498,2336.767919,1.55992518
11.56966,104.88819,11.55377,104.91,1689143098,1085,6678.065903,6.15489945
11.57322,104.9181,11.58273,104.93601,1689158126,995,5044.560822,5.069910374
11.56832,104.92549,11.53608,104.9083,1689151026,1232,5616.095895,4.558519395
11.54581,104.87173,11.53806,104.88308,1689170880,441,1784.505736,4.046498268
11.57343,104.91353,11.57468,104.90125,1689151070,338,2133.335353,6.311643056
11.60276,104.86747,11.5968,104.86044,1689154678,771,1368.946053,1.775546113
11.52984,105.0015,11.53569,104.9732,1689121491,324,4137.024388,12.76859379
11.56993,104.90288,11.56789,104.90936,1689156926,300,933.641818,3.112139393
11.58159,104.8011,11.5736,104.79602,1689150880,773,1752.886359,2.267640827
11.56677,104.91003,11.56369,104.91174,1689156363,225,996.8309913,4.430359961
11.56303,104.85759,11.56455,104.88727,1689153395,356,3317.984035,9.320179874
11.57337,104.91043,11.57277,104.91893,1689136590,226,1314.089922,5.814557176
11.53424,104.92375,11.53378,104.91551,1689160694,469,899.7668328,1.918479388
11.55818,104.93174,11.58136,104.90694,1689145970,1066,7461.038503,6.999098032
11.54823,104.79011,11.54525,104.792,1689165049,457,903.569905,1.977177035
11.55246,104.8425,11.53325,104.87276,1689157917,1315,5674.645319,4.315319634
11.58137,104.89769,11.56588,104.89501,1689121318,567,2059.382996,3.632068777
11.57079,104.91082,11.56324,104.88422,1689152996,592,3647.252365,6.160899264
11.67571,104.85254,11.64744,104.8529,1689123238,349,10069.07202,28.85120924
11.56297,104.90698,11.54556,104.91871,1689156684,1567,2555.52796,1.630841072
11.54987,104.82859,11.54895,104.82444,1689163589,355,1362.796571,3.83886358
11.57128,104.87078,11.59056,104.86966,1689149257,415,2202.732619,5.307789444
11.53151,104.94007,11.53208,104.92472,1689123121,738,1678.942449,2.274989768
11.62826,104.82812,11.61705,104.83831,1689170757,1105,2909.986519,2.633471963
11.53032,104.92737,11.54147,104.9126,1689149282,498,8412.493647,16.89255752
11.56574,104.91699,11.54712,104.92204,1689121763,680,2572.580013,3.783205902
11.52909,104.82897,11.5318,104.83349,1689125689,931,1517.955826,1.630457385
11.49641,104.83617,11.49322,104.81935,1689122809,475,1940.68774,4.0856584
11.52479,104.80727,11.53909,104.81773,1689142121,1238,2112.500973,1.706382046
11.56713,104.90098,11.5635,104.89851,1689150170,346,899.2965127,2.599122869
11.58511,104.83793,11.58299,104.83035,1689144664,343,858.6823958,2.503447218
11.56504,104.84481,11.56305,104.84164,1689153862,356,1322.689289,3.71541935
11.51527,104.94078,11.52697,104.92161,1689140776,697,3116.881267,4.471852606
11.58663,104.91339,11.60937,104.90051,1689119663,449,2973.291437,6.622029926
11.51994,104.99404,11.53089,104.94424,1689137665,735,19827.3003,26.97591878
11.56008,104.85163,11.54798,104.83781,1689148939,310,2082.674737,6.718305604
11.54455,104.93861,11.5458,104.93069,1689175768,415,1091.59122,2.630340289
11.45803,104.87197,11.46029,104.88801,1689137561,1170,1765.988039,1.509391486
11.55454,104.91972,11.54436,104.92815,1689172439,850,2450.235711,2.882630248
11.54657,104.80445,11.54883,104.79317,1689127640,182,1262.348732,6.935982043
11.57706,104.89951,11.58901,104.90506,1689164353,810,1459.848631,1.802282261
11.56286,104.92196,11.57269,104.91915,1689123396,356,2044.473726,5.742903726
11.53942,104.91465,11.55926,104.92392,1689142973,1178,3418.92369,2.902312131
11.54601,104.89626,11.55371,104.8872,1689146545,312,1786.902196,5.72725063
11.56732,104.91864,11.57635,104.91751,1689124331,440,1357.53687,3.085311069
11.53003,104.92799,11.51872,104.95752,1689156997,1716,6111.436524,3.561443196
11.52625,104.91892,11.54637,104.92547,1689137700,1079,4902.060692,4.543151708
11.52108,104.92338,11.512,104.92494,1689157793,1904,4709.488284,2.473470737
11.56028,104.88655,11.58375,104.90953,1689157796,2172,4773.864101,2.197911649
11.5285,104.90938,11.53351,104.90757,1689157008,310,2251.588793,7.263189654
11.57446,104.84741,11.56481,104.85565,1689161058,2007,6430.625237,3.204098275
11.52172,104.93171,11.53131,104.94147,1689141847,787,2947.988024,3.745855177
11.58975,104.92989,11.5892,104.93252,1689160508,378,1437.867574,3.80388247
11.59204,104.90715,11.59403,104.90211,1689154461,393,591.9075281,1.506126026
11.57363,104.87811,11.57427,104.88258,1689170563,259,493.156488,1.904079104
11.54851,104.92487,11.55026,104.90473,1689144941,1049,2698.002532,2.571975722
11.57377,104.85523,11.57092,104.84826,1689120878,308,1161.19772,3.770122469
11.47825,104.88092,11.46871,104.88878,1689158736,363,1363.429353,3.756003727
11.54862,104.93189,11.5394,104.92805,1689137199,399,1323.651204,3.317421563
11.53121,104.84811,11.53141,104.86018,1689156643,337,1315.222727,3.902738062
11.56313,104.86127,11.56161,104.85361,1689143047,230,857.6504664,3.728915071
11.53168,104.93036,11.55681,104.90821,1689131881,1262,4089.649303,3.24060959
11.53397,104.92254,11.56375,104.91189,1689154320,1844,3806.480546,2.064251923
11.58024,104.91851,11.57611,104.91511,1689177239,302,601.8460072,1.992867573
11.56766,104.89805,11.56907,104.91715,1689150734,659,2116.791268,3.212126355
11.59186,104.86971,11.60962,104.8679,1689129793,287,1994.912974,6.950916284
11.56247,104.90027,11.56221,104.92846,1689133363,2144,4751.836757,2.216341771
11.53805,104.82119,11.54398,104.80555,1689163622,825,2096.498175,2.54120991
11.52762,104.91641,11.5144,104.93181,1689131399,675,2509.15413,3.717265378
11.56551,104.90015,11.56602,104.90422,1689113430,184,446.9867575,2.429275856
11.63668,104.91284,11.63019,104.90368,1689125332,1564,2512.574367,1.60650535
11.54363,104.90306,11.51188,104.92552,1689156220,1374,4331.012524,3.152119741
11.6117,104.91682,11.60761,104.91896,1689170221,334,524.8398273,1.571376728
11.59218,104.93418,11.5917,104.93507,1689168506,234,549.9111863,2.350047805
11.58554,104.90104,11.56616,104.83313,1689160751,1663,12904.15974,7.759566891
11.55874,104.90981,11.58456,104.91986,1689161663,1669,3819.565471,2.288535333
11.5823,104.88708,11.58578,104.87706,1689127690,287,1414.800029,4.929616825
11.62849,104.88618,11.67272,104.8806,1689128732,857,7975.187595,9.305936516
11.55004,104.92844,11.55104,104.92024,1689170957,377,908.9139291,2.410912279
11.52239,105.015,11.52198,105.01948,1689143471,313,490.2393267,1.56625983
11.52353,104.95252,11.52899,104.94087,1689147520,692,1407.024857,2.033272915
11.51215,104.90139,11.52547,104.90692,1689155281,1512,2794.210941,1.848023109
11.55105,104.88865,11.5261,104.91172,1689158152,2156,4322.311387,2.004782647
11.56587,104.89821,11.57369,104.89207,1689153859,325,1097.037086,3.375498726
11.55384,104.84437,11.55134,104.8427,1689127693,204,498.3970826,2.443122954
11.63076,104.90433,11.62655,104.89217,1689140834,539,1567.73259,2.908594787
11.56391,104.90077,11.55961,104.90132,1689160351,298,493.5273954,1.656132199
11.55478,104.90414,11.55821,104.89734,1689138354,729,1437.82771,1.97232882
11.53133,104.93306,11.533,104.929,1689150179,188,1221.105437,6.495241689
11.55428,104.89875,11.56468,104.89836,1689146720,1194,2625.74235,2.199114196
11.55627,104.87822,11.56047,104.86112,1689154525,1367,5495.97344,4.020463379
11.51996,104.91884,11.52336,104.91582,1689149370,233,588.7527835,2.52683598
11.54158,104.92007,11.53276,104.95268,1689169274,1254,4045.781592,3.22630111
11.52895,104.87557,11.52563,104.87776,1689125690,439,1080.611671,2.461530002
11.54427,104.92781,11.54983,104.93652,1689129571,310,1150.145693,3.710147398
11.54267,104.89305,11.53698,104.92371,1689119982,1322,4415.152394,3.339752189
11.52825,105.00221,11.52202,105.00987,1689134687,438,1097.98784,2.506821552
11.58734,104.91352,11.58998,104.87931,1689151733,1428,3930.148672,2.752204953
11.53497,104.79899,11.52169,104.78731,1689123081,1136,1949.348301,1.715975617
11.50982,104.87951,11.54282,104.89311,1689126775,1491,4649.963822,3.118688009
11.59683,104.86013,11.5807,104.85344,1689143015,283,1935.966322,6.840870394
11.55447,104.91636,11.53933,104.91979,1689136812,759,1814.255482,2.390323428
11.56785,104.91136,11.56537,104.9148,1689131416,310,667.3660542,2.152793723
11.54614,104.94898,11.53755,104.9609,1689172176,520,1656.993764,3.18652647
11.56719,104.9005,11.56916,104.90073,1689165705,380,613.7555558,1.6151462
11.62998,104.923,11.61847,104.92638,1689152691,515,1354.205024,2.629524318
11.56884,104.92554,11.57701,104.92321,1689143123,463,972.4063341,2.100229663
11.5604,104.91179,11.5632,104.91057,1689157145,205,349.7586895,1.706139949
11.56755,104.92632,11.60568,104.90853,1689158810,1286,5205.536872,4.047851378
11.55312,104.88534,11.56575,104.90626,1689123142,1837,2968.606744,1.616008026
11.51516,104.88248,11.5225,104.88023,1689137800,352,1414.900639,4.019604089
11.51429,104.92055,11.51762,104.91913,1689162077,251,441.7410907,1.759924664
11.54389,104.90191,11.51258,104.93306,1689163507,1084,5051.602035,4.660149478
11.57876,104.87037,11.59944,104.88629,1689151475,771,3720.088382,4.825017356
11.58475,104.86462,11.58241,104.84114,1689153132,392,7534.081262,19.21959506
11.55354,104.89136,11.53,104.91033,1689172093,1368,4244.713196,3.102860523
11.57336,104.89927,11.57855,104.89472,1689148086,434,780.1722676,1.797631953
11.55583,104.92081,11.55074,104.92528,1689150960,371,842.5677843,2.271072195
11.54007,104.92521,11.53257,104.92855,1689140147,724,1366.566761,1.88752315
11.52701,104.92739,11.52616,104.92371,1689138230,213,411.9348592,1.933966475
11.53648,104.92335,11.5403,104.92297,1689123178,208,426.7780098,2.051817355
11.55607,104.90181,11.56531,104.90071,1689128123,412,1068.394926,2.593191567
11.56126,104.853,11.55182,104.84185,1689167124,212,3633.687627,17.14003598
11.5324,104.86808,11.53393,104.87944,1689127268,278,1726.850833,6.211693642
11.53787,104.87933,11.53105,104.85825,1689169295,566,11065.23147,19.54987891
11.54386,104.92154,11.54123,104.92193,1689120685,197,295.5135697,1.500068882
11.54829,104.89819,11.54436,104.90105,1689145420,240,727.947603,3.033115012
11.53167,104.90474,11.52519,104.89908,1689139795,509,967.0234312,1.89984957
11.5408,104.85797,11.52676,104.85007,1689162166,998,2444.308507,2.449206921
11.5769,104.87705,11.56784,104.89468,1689119892,673,2231.364464,3.31554898
11.50743,104.87687,11.49464,104.89334,1689146622,489,8038.340131,16.43832338
11.56004,104.92836,11.56609,104.92091,1689167160,420,3608.917695,8.59266118
11.54876,104.83507,11.55972,104.83776,1689145956,819,1475.908482,1.802086059
11.51251,104.92246,11.51183,104.93627,1689157332,334,4763.650122,14.26242552
11.56379,104.93365,11.55175,104.93534,1689121517,204,1378.908668,6.759356217
11.56161,104.89421,11.5697,104.88818,1689150259,473,1769.216748,3.740415958
11.54966,104.89345,11.56071,104.88967,1689129623,499,1295.876404,2.596946702
11.64407,104.91768,11.64602,104.90694,1689139869,515,1197.493726,2.325230537
11.50801,104.94424,11.49631,104.94746,1689128189,339,4838.775076,14.27367279
11.55078,104.92145,11.5602,104.91452,1689133486,1114,1757.491545,1.577640525
11.56185,104.89522,11.56297,104.90438,1689158039,735,1125.887901,1.531820274
11.58518,104.91367,11.58666,104.90556,1689141068,311,1418.071858,4.559716585
11.63144,104.91056,11.62314,104.92065,1689158400,730,1435.074278,1.965855175
11.51021,104.85768,11.50645,104.87424,1689118171,337,1868.610978,5.544839697
11.5162,104.9461,11.53551,104.9329,1689152800,1300,2675.001818,2.057693706
11.54413,104.92795,11.54593,104.9241,1689169825,285,541.8026507,1.901061932
11.52019,104.88487,11.52401,104.87885,1689160290,399,1588.091436,3.980179037
11.53871,104.96203,11.53093,104.94469,1689161007,226,2149.118871,9.509375534
11.5641,104.89133,11.56909,104.89674,1689163138,550,1415.028749,2.572779544
11.53293,104.954,11.53424,104.95957,1689110532,253,1368.051702,5.407318979
11.58412,104.91812,11.58936,104.87849,1689123212,2638,4525.568419,1.715530106
11.52673,104.79819,11.51413,104.8039,1689171432,427,1532.975042,3.590105484
11.55389,104.87515,11.55268,104.8631,1689137740,291,1798.886685,6.181741185
11.56762,104.9068,11.57463,104.8989,1689120116,580,1169.610865,2.016570457
11.55292,104.92348,11.57353,104.91978,1689143073,845,3097.771181,3.666001398
11.55156,104.90498,11.5484,104.90531,1689163138,227,811.4599003,3.574713217
11.53573,104.83113,11.52956,104.80311,1689165486,448,3129.443066,6.985363986
11.56266,104.8758,11.5536,104.88838,1689120242,704,2946.747842,4.185721367
11.566,104.91979,11.56602,104.92347,1689147418,458,732.9224653,1.600267391
11.58514,104.91376,11.58113,104.89821,1689137227,789,1915.200177,2.42737665
11.5573,104.92358,11.54905,104.92809,1689124184,1672,4038.786971,2.415542446
11.58209,104.90012,11.56689,104.90677,1689141526,390,3124.947269,8.012685304
11.53182,104.86295,11.55165,104.87085,1689138276,1018,3297.493085,3.239187706
11.51553,105.02009,11.51168,105.02236,1689163697,353,826.4156067,2.341120699
11.55726,104.935,11.55477,104.94234,1689132071,409,3224.865679,7.884757163
11.56742,104.89235,11.59184,104.88922,1689097377,1249,4510.07088,3.61094546
11.56599,104.90533,11.54466,104.89485,1689120688,1046,2918.917344,2.790551954
11.55753,104.899,11.55461,104.90641,1689161335,310,1121.598097,3.618058376
11.57566,104.90668,11.57068,104.92115,1689144317,640,1939.399361,3.030311501
11.5044,104.93924,11.49332,104.94232,1689179932,704,1276.933145,1.813825491
11.51145,104.84057,11.51825,104.84311,1689152470,371,832.4984221,2.243931057
11.53148,104.83468,11.5439,104.84131,1689158690,236,1558.536267,6.603967235
11.51985,104.94561,11.512,104.95553,1689166785,267,1389.301431,5.203376148
11.54558,104.91945,11.55285,104.92129,1689096633,430,842.6597801,1.959673907
11.58202,104.88753,11.59126,104.89764,1689159190,304,1506.134886,4.954391071
11.53196,104.86496,11.56514,104.84464,1689152420,1285,15490.99955,12.05525257
11.59972,104.90254,11.5743,104.91781,1689146601,2058,6791.016235,3.299813525
11.58131,104.91959,11.56747,104.91757,1689143642,441,2376.144778,5.388083396
11.53033,104.91689,11.5472,104.91615,1689154402,979,1928.399924,1.969764989
11.53758,104.88306,11.56507,104.88132,1689143404,1081,5469.43267,5.05960469
11.59101,104.89676,11.58369,104.90649,1689147232,527,1570.471456,2.980021739
11.56863,104.89431,11.55559,104.90174,1689149219,1151,1936.165811,1.682159697
11.50684,104.88757,11.49792,104.86995,1689148426,703,2301.580253,3.273940616
11.5615,104.8911,11.56202,104.90195,1689162197,461,1201.370418,2.606009584
11.54222,104.8913,11.53544,104.88621,1689161798,432,955.4930505,2.211789469
11.55306,104.90314,11.5131,104.93581,1689138987,2220,6137.444523,2.76461465
11.56111,104.85307,11.55253,104.871,1689121238,614,8427.651745,13.72581717
11.53543,104.9229,11.54078,104.91424,1689143778,399,1115.379744,2.795437955
11.54775,104.91263,11.5495,104.90507,1689131580,453,2857.057342,6.306969851
11.54164,104.91279,11.56823,104.91148,1689165622,1475,2992.678918,2.02893486
11.55122,104.93694,11.55049,104.92138,1689163533,1149,1781.306985,1.550310692
11.58292,104.84312,11.58466,104.84363,1689130167,432,653.650967,1.513080942
11.53396,104.9238,11.53131,104.92508,1689151501,210,1349.665075,6.426976547
11.53926,104.92122,11.53466,104.92285,1689140079,524,1956.098401,3.733012216
11.55088,104.93933,11.57373,104.92095,1689147281,1098,4790.733678,4.363145426
11.58725,104.89036,11.60981,104.87004,1689127709,1203,4906.909054,4.078893644
11.5378,104.90749,11.54584,104.90859,1689153828,556,920.2498696,1.655125665
11.54429,104.92763,11.55115,104.92862,1689161435,233,775.4182972,3.327975525
11.5663,104.89283,11.55808,104.88741,1689162164,465,1573.416178,3.383690705
11.60655,104.89225,11.6057,104.8866,1689157698,277,622.6225137,2.247734707
11.58956,104.87008,11.60593,104.86913,1689128842,695,1823.202431,2.62331285
11.51856,105.02891,11.52387,105.02444,1689170843,1175,2123.017229,1.806823174
11.58699,104.92743,11.56997,104.93177,1689160007,423,1954.830436,4.621348548
11.56586,104.91811,11.55817,104.91754,1689129014,384,857.3418452,2.232661055
11.52236,104.78495,11.53364,104.82342,1689126178,670,4484.115562,6.692709794
11.55084,104.91874,11.56522,104.91195,1689120449,819,2075.228312,2.533856303
11.5125,104.93238,11.54229,104.92782,1689158626,819,5307.685496,6.480690471
11.56218,104.91629,11.55128,104.93969,1689145659,2997,5113.98741,1.706368839
11.55477,104.9055,11.56262,104.91584,1689120383,520,1456.298761,2.800574541
11.58871,104.93033,11.58954,104.93816,1689163110,196,3994.024462,20.37767583
11.58545,104.9186,11.57882,104.90145,1689164363,1411,2785.946596,1.974448332
11.57059,104.87065,11.59742,104.88648,1689147075,929,3593.227751,3.867844727
11.55587,104.87381,11.56685,104.87215,1689160876,723,1378.716564,1.90693854
11.54886,104.83827,11.55706,104.86694,1689143993,1576,6002.32899,3.808584384
11.60884,104.88603,11.60949,104.88077,1689177108,284,1463.25161,5.152294401
11.59736,104.88574,11.61493,104.90222,1689148818,1628,6326.070326,3.885792583
11.5971,104.87382,11.5733,104.87055,1689127786,558,3020.186335,5.412520314
11.56096,104.89172,11.56349,104.8818,1689163301,491,1116.68888,2.274315437
11.57383,104.90387,11.57064,104.91013,1689156958,332,1007.017978,3.033186682
11.56976,104.82078,11.53234,104.8132,1689158494,1016,6369.407451,6.269101822
11.50968,104.92693,11.4728,104.91772,1689138101,301,4288.953976,14.24901653
11.5215,104.90441,11.53086,104.89311,1689133575,582,1692.336906,2.907795371
11.58985,104.88189,11.57189,104.88792,1689154703,900,2370.655364,2.634061515
11.62032,104.89174,11.63169,104.88219,1689137121,261,2393.257123,9.169567521
11.60282,104.91347,11.59073,104.91005,1689164866,379,2392.198129,6.311868415
11.55924,104.88815,11.55667,104.88584,1689161630,231,612.1180193,2.649861555
11.57055,104.92188,11.56001,104.92028,1689155394,793,1440.226965,1.816175239
11.53253,104.87016,11.50729,104.87934,1689168975,1218,7718.063988,6.336669941
11.59261,104.8815,11.52257,104.82259,1689165131,2181,28833.1507,13.22015163
11.52117,104.90525,11.50915,104.87874,1689167123,1457,3429.673859,2.353928524
11.59806,104.86937,11.60738,104.86385,1689173781,364,1198.125044,3.29155232
11.56069,104.87088,11.58127,104.8796,1689144351,1784,4295.486669,2.407784007
11.53679,104.92164,11.55118,104.90292,1689149594,1381,2716.760245,1.967241307
11.52553,104.91025,11.52382,104.90918,1689166614,291,739.3333208,2.540664332
11.55826,104.91999,11.55309,104.92886,1689145198,569,1490.619531,2.61971798
11.55575,104.92044,11.55198,104.9282,1689143996,424,1206.328942,2.845115429
11.56485,104.91831,11.55291,104.91134,1689150916,461,1711.73826,3.713098178
11.51992,104.92226,11.52732,104.91688,1689122580,474,1454.070757,3.067659824
11.59922,104.88436,11.59473,104.88274,1689154997,330,529.5320034,1.604642434
11.54325,104.91884,11.54541,104.93483,1689171300,365,1758.51993,4.817862823
11.56478,104.93299,11.56998,104.92288,1689162368,1125,2021.856431,1.797205716
11.54058,104.91573,11.52768,104.91649,1689177958,490,2057.120764,4.19820564
11.59708,104.87327,11.58358,104.8822,1689167043,622,2362.14326,3.797657974
11.55019,104.92848,11.53155,104.93976,1689123671,1459,3759.606797,2.576838106
11.5431,104.90489,11.54276,104.91441,1689137091,362,3060.363677,8.454043306
11.54204,104.91734,11.55532,104.92309,1689146758,1803,3956.475664,2.194384728
11.56177,104.87226,11.56891,104.86721,1689168510,378,987.8289937,2.613304216
11.55682,104.93762,11.55786,104.94114,1689153375,539,1077.822043,1.999669839
11.45303,104.8866,11.44858,104.87884,1689157216,448,1472.587845,3.28702644
11.53442,104.82861,11.53801,104.81962,1689166280,309,1087.298369,3.518764949
11.53152,104.94757,11.53139,104.93465,1689123116,1001,1899.289234,1.897391842
11.55165,104.87153,11.5238,104.85324,1689162539,1649,4765.854674,2.890148377
11.55657,104.87257,11.55937,104.85724,1689156854,578,2321.483846,4.016408038
11.56841,104.89529,11.57384,104.92339,1689148265,1092,3155.858423,2.88998024
11.58759,104.92273,11.64811,104.91523,1689132776,1185,8136.755931,6.866460701
11.59858,104.89403,11.59283,104.89137,1689163175,349,720.5153272,2.064513831
11.56855,104.8675,11.55597,104.87401,1689171972,1029,1991.67737,1.935546521
11.5115,104.92703,11.5279,104.92398,1689147680,275,2473.46408,8.994414837
11.54416,104.92352,11.56189,104.90747,1689161396,1361,4156.310162,3.053864924
11.51955,104.92213,11.53606,104.96122,1689134910,1684,5263.445546,3.125561488
11.55086,104.91683,11.56924,104.92295,1689136417,1780,3773.870797,2.120152133
11.53491,104.88547,11.5333,104.87419,1689175875,325,2072.035536,6.375493956
11.55532,104.91411,11.56363,104.89858,1689148578,473,2023.068666,4.277100774
11.57003,104.90368,11.57338,104.92048,1689122687,593,2050.813573,3.458370275
11.55129,104.9059,11.59601,104.91683,1689156078,1423,6533.065827,4.591051178
11.57658,104.88579,11.57634,104.87675,1689156818,217,1019.141668,4.696505384
11.54929,104.93575,11.54807,104.92571,1689151493,540,2120.486167,3.926826236
11.57657,104.91026,11.58082,104.90701,1689149119,309,970.4921445,3.140751277
11.55549,104.93004,11.56128,104.92282,1689142263,525,1025.367681,1.953081296
11.55462,104.91709,11.53296,104.91315,1689121749,1036,2580.828452,2.491147154
11.59244,104.91165,11.60531,104.90686,1689171863,342,1528.842652,4.470300153
11.52779,104.92519,11.52703,104.93171,1689099049,385,715.3773507,1.858122989
11.57093,104.91187,11.56725,104.89151,1689143733,564,2275.578592,4.034713816
11.55086,104.92378,11.54089,104.9307,1689172044,567,2085.919349,3.678870104
11.57023,104.92758,11.5529,104.93497,1689163172,711,6085.534577,8.559120361
11.55407,104.90682,11.56981,104.9106,1689138042,405,1798.000848,4.439508266
11.5701,104.90379,11.57179,104.91981,1689141560,443,1777.467943,4.012342986
11.56238,104.89363,11.56776,104.9211,1689139289,1094,3479.164708,3.180223682
11.53171,104.81268,11.53738,104.81614,1689137034,289,1014.623269,3.51080716
11.54326,104.92825,11.52946,104.92811,1689134380,471,1728.033321,3.668860554
11.53255,104.91473,11.51956,104.91791,1689153648,827,2547.567457,3.080492693
11.66639,104.80339,11.66743,104.79184,1689130890,389,1263.074288,3.246977605
11.57481,104.85238,11.57521,104.86715,1689157648,973,2079.837303,2.137551185
11.58064,104.84795,11.58804,104.84768,1689118918,253,823.3690764,3.254423227
11.51753,104.77352,11.52836,104.83865,1689159337,1199,14112.62487,11.77032933
11.57098,104.9111,11.56728,104.89167,1689130861,452,2179.525142,4.821958278
11.56254,104.87231,11.56255,104.87741,1689127314,250,570.3857076,2.28154283
11.56438,104.89275,11.5702,104.90367,1689161810,275,1354.227266,4.924462787
11.55633,104.89459,11.56064,104.87772,1689126559,1140,1899.279676,1.666034804
11.5469,104.81653,11.55186,104.81458,1689163633,281,591.0275161,2.103300769
11.57837,104.92167,11.56167,104.91917,1689153963,844,2285.420739,2.707844477
11.60552,104.81319,11.59793,104.80153,1689146861,1602,4141.964802,2.585496131
11.53099,104.92371,11.55572,104.92417,1689149133,2163,4053.051339,1.873810143
11.56128,104.91442,11.58557,104.90119,1689162176,1928,5299.029619,2.748459346
11.55692,104.87103,11.56316,104.86477,1689173195,304,972.8871062,3.200286533
11.56179,104.87327,11.56462,104.88649,1689140795,342,1474.143022,4.310359714
11.63274,104.86718,11.62897,104.85919,1689172003,612,965.9149968,1.578292478
11.58801,104.86865,11.58105,104.88468,1689121619,1059,1926.388786,1.819064009
11.5512,104.79456,11.55534,104.78078,1689154284,1356,2047.439216,1.509910926
11.5674,104.92396,11.55682,104.93553,1689105294,1103,2037.905701,1.84760263
11.56439,104.89135,11.58345,104.89205,1689134280,651,2568.198977,3.945006108
11.60642,104.88711,11.612,104.90396,1689159404,849,5848.880624,6.8891409
11.54271,104.91722,11.54865,104.92462,1689142843,1187,2012.768488,1.695676907
11.56657,104.87083,11.56258,104.86518,1689136799,198,1026.691906,5.185312658
11.55365,104.90426,11.55373,104.91047,1689132732,487,1111.116852,2.281554111
11.54902,104.92842,11.57081,104.9235,1689124113,615,3051.465822,4.961733044
11.55561,104.84653,11.5323,104.81633,1689120014,798,4776.480464,5.985564492
11.57465,104.92654,11.57778,104.89479,1689134359,1554,3610.972875,2.323663369
11.52675,104.94387,11.5253,104.94257,1689115102,206,703.521206,3.415151486
11.55277,104.88755,11.54885,104.89638,1689172012,729,1415.674714,1.941940623
11.5309,104.88657,11.51969,104.8889,1689138517,770,1272.088028,1.652062374
11.56326,104.9195,11.56392,104.90158,1689161838,759,1969.022173,2.594232112
11.5555,104.9142,11.5435,104.89361,1689140016,876,2879.734773,3.287368462
11.53478,104.88322,11.52944,104.88368,1689173373,366,595.8930222,1.628123011
11.56652,104.92694,11.5568,104.92833,1689136994,539,4257.541662,7.898964123
11.55342,104.91156,11.55583,104.92044,1689119211,332,1003.832292,3.02359124
11.564,104.9031,11.54161,104.91399,1689143916,962,2976.304172,3.093871281
11.49942,104.86399,11.50441,104.88281,1689156180,787,3605.299814,4.581067108
11.54654,104.86205,11.56899,104.92841,1689118145,1531,11049.79246,7.217369343
11.56553,104.91475,11.55266,104.90323,1689147627,639,2006.322759,3.139785225
11.59087,104.86924,11.62448,104.90834,1689152341,2645,10925.73557,4.130712881
11.59678,104.85955,11.58956,104.85334,1689133625,629,3436.167465,5.46290535
11.52533,104.85328,11.52365,104.84385,1689162912,569,1044.274494,1.835280306
11.54403,104.95286,11.53612,104.95664,1689152720,519,973.2625868,1.8752651
11.51983,104.88226,11.53111,104.91497,1689122749,1130,18782.93723,16.62206834
11.52823,104.80039,11.5398,104.8241,1689154061,752,4558.779258,6.062206461
11.6291,104.88561,11.58634,104.90016,1689119940,1259,8065.05359,6.405920246
11.59265,104.91079,11.58597,104.90928,1689126795,299,760.8492002,2.544646154
11.59272,104.92959,11.62538,104.92485,1689154292,376,5015.284152,13.33852168
11.55525,104.91058,11.55661,104.90959,1689155578,203,354.5495798,1.746549654
11.58068,104.92947,11.58229,104.9367,1689165172,375,1395.466521,3.721244057
11.55411,104.93184,11.5636,104.93388,1689131698,191,1328.901639,6.957600204
11.53092,104.94124,11.53566,104.95851,1689145792,261,6410.415262,24.56097801
11.62083,104.92585,11.64831,104.91361,1689149716,1050,3612.372389,3.440354656
11.55726,104.90383,11.53076,104.91499,1689144204,1113,3498.404039,3.14322016
11.55064,104.93805,11.54852,104.93357,1689165901,298,643.9830171,2.161016836
11.54713,104.88886,11.55262,104.89525,1689156074,440,1518.589495,3.451339762
11.55698,104.93193,11.55244,104.92674,1689156756,328,1409.023336,4.295802854
11.53145,104.94037,11.53179,104.94588,1689150638,383,985.8871955,2.574118004
11.52222,104.89802,11.51977,104.91074,1689147407,220,1440.2744,6.546701819
11.56345,104.91414,11.56738,104.91126,1689156099,329,537.9579496,1.635130546
11.59535,104.87326,11.58472,104.88221,1689160487,355,1532.382352,4.316570006
11.58581,104.91627,11.58847,104.91425,1689160196,231,805.4925432,3.486980706
11.44515,104.91181,11.44385,104.88672,1689126596,1034,3309.320762,3.200503638
11.57535,104.88396,11.56507,104.89842,1689129219,963,2590.811004,2.690354106
11.54054,104.88107,11.53569,104.87076,1689150285,773,1974.505353,2.55434069
11.58275,104.8339,11.58233,104.82807,1689156221,256,689.66633,2.694009102
11.60234,104.81579,11.58689,104.8219,1689125893,345,1842.373883,5.340214154
11.57752,104.90678,11.5814,104.89771,1689136769,1765,2689.55166,1.523825303
11.50764,104.77219,11.48536,104.7706,1689143198,717,2787.076472,3.887135945
11.55462,104.93295,11.54396,104.9361,1689155727,432,2080.807739,4.816684582
11.57133,104.92309,11.54638,104.90179,1689161701,2052,4149.739834,2.022290368
11.54402,104.91518,11.52972,104.9309,1689136974,492,2437.806321,4.954890896
11.57616,104.85219,11.5794,104.85832,1689167595,370,830.4262381,2.244395238
11.55327,104.91763,11.56817,104.90658,1689121940,655,2091.048604,3.192440617
11.56162,104.85372,11.52251,104.78514,1689128735,1357,17583.6784,12.95775859
11.49324,104.8097,11.49753,104.8095,1689161710,311,481.9537262,1.549690438
11.58316,104.89153,11.55701,104.88712,1689162007,949,3637.683219,3.833175152
11.56753,104.9321,11.54763,104.93306,1689160574,854,2595.95061,3.039754812
11.57387,104.92174,11.57087,104.91296,1689167126,492,1012.984775,2.058912143
11.62179,104.88901,11.6151,104.88839,1689154760,320,755.4364277,2.360738837
11.6621,104.80117,11.66258,104.80804,1689153129,313,750.0414469,2.396298552
11.55803,104.90852,11.55978,104.92023,1689158576,690,1763.681405,2.556060008
11.55278,104.93522,11.54557,104.93766,1689161911,353,884.8977098,2.506792379
11.58801,104.93455,11.59839,104.93025,1689127292,369,2184.686903,5.920560712
11.56926,104.92295,11.56384,104.92394,1689136188,183,635.5956171,3.473200094
11.53932,104.93508,11.55416,104.93103,1689122425,1170,1826.130932,1.560795668
11.61875,104.85862,11.61746,104.86247,1689176970,243,443.1852345,1.823807549
11.53602,104.92415,11.53597,104.9254,1689137020,232,443.834023,1.913077685
11.5704,104.8999,11.57543,104.89545,1689123126,191,1170.282208,6.127131979
11.5366,104.90882,11.57178,104.9237,1689129828,1940,7359.324609,3.793466293
11.54467,104.91124,11.54773,104.93505,1689147776,647,2700.75241,4.174269568
11.55142,104.92669,11.55223,104.92826,1689160302,279,787.0565312,2.820991151
11.5391,104.96551,11.53585,104.97321,1689154138,408,927.7102129,2.273799541
11.59445,104.91846,11.59138,104.90294,1689167060,553,2709.325318,4.899322456
11.58705,104.90873,11.58355,104.90055,1689168790,432,2449.55506,5.670266341
11.54185,104.83537,11.55605,104.84263,1689156997,390,1786.135527,4.579834684
11.60467,104.88958,11.59985,104.89323,1689123029,248,1257.986385,5.072525744
11.5343,104.92301,11.53862,104.92057,1689134051,458,724.3485243,1.581546996
11.54738,104.92442,11.54614,104.92384,1689150641,360,551.485211,1.531903364
11.57977,104.87027,11.56047,104.85199,1689117878,1040,3655.573631,3.514974645
11.53603,104.83141,11.50259,104.83147,1689122233,1497,4258.244525,2.844518721
11.52799,104.93608,11.53213,104.95061,1689162166,601,1648.635866,2.743154519
11.54867,104.90511,11.56076,104.89475,1689158355,1130,1927.24201,1.705523902
11.63278,104.86723,11.62923,104.86172,1689099335,358,718.2943362,2.00640876
11.57611,104.90202,11.55595,104.92583,1689128588,1704,3586.878115,2.104975419
11.56833,104.85365,11.58363,104.87014,1689118611,603,4505.443339,7.471713663
11.52783,104.80654,11.57155,104.81936,1689136935,961,9974.628236,10.37942584
11.56213,104.9212,11.53931,104.88787,1689158982,1718,4596.662705,2.675589468
11.55552,104.87326,11.57886,104.83252,1689163453,1448,5904.482543,4.077681314
11.56309,104.91421,11.56021,104.91448,1689154875,241,1096.607748,4.550239619
11.56501,104.91992,11.59486,104.9134,1689147701,1127,3400.032819,3.016888038
11.53937,104.96538,11.53422,104.96956,1689176365,338,731.6604704,2.164675948
11.56461,104.92261,11.55311,104.93054,1689176943,186,1554.42856,8.357142796
11.51769,104.92701,11.53053,104.92676,1689149204,198,5489.650641,27.72550829
11.56387,104.91735,11.56892,104.92217,1689166035,294,1059.682852,3.604363443
11.58817,104.91281,11.57188,104.91853,1689142286,332,1917.690101,5.776175002
11.54647,104.90299,11.55807,104.93912,1689146361,1711,4631.786425,2.707063954
11.55655,104.90989,11.55673,104.91392,1689145840,1066,1775.763511,1.665819429
11.53216,104.81474,11.53149,104.81062,1689128142,429,1031.334274,2.404042596
11.56961,104.90691,11.56297,104.88071,1689159486,1492,3022.151779,2.025570897
11.58519,104.91554,11.54712,104.89676,1689130037,1506,7390.202075,4.907172693
11.53748,104.91156,11.5433,104.9058,1689125057,243,907.9032561,3.736227391
11.63937,104.92126,11.62418,104.92563,1689153730,397,2205.915652,5.556462599
11.60592,104.88748,11.58697,104.88204,1689145904,377,3393.159986,9.000424366
11.55098,104.887,11.55701,104.8482,1689121215,2540,5267.282943,2.073733442
11.57462,104.91779,11.5661,104.92873,1689118674,459,4463.808233,9.725072403
11.59491,104.81804,11.57544,104.90138,1689169906,2923,10839.76299,3.708437561
11.503,104.8137,11.49905,104.82984,1689152588,386,6279.894414,16.26915651
11.5713,104.83213,11.58743,104.84612,1689156845,1132,2896.041636,2.558340668
11.56995,104.90037,11.56776,104.89913,1689155951,220,749.8071376,3.408214262
11.53714,104.92038,11.55677,104.92761,1689168044,1213,3084.172821,2.542599193
11.53046,104.85466,11.52501,104.84428,1689161079,667,1392.93223,2.088354168
11.56816,104.84171,11.56273,104.83497,1689160666,290,1051.512079,3.62590372
11.58739,104.84598,11.59,104.85335,1689119176,266,2277.621853,8.562488168
11.57614,104.85103,11.56282,104.86242,1689117511,437,2591.331043,5.929819321
11.57484,104.88751,11.57162,104.89081,1689163832,199,551.5358794,2.771537082
11.50791,104.88964,11.52181,104.88863,1689122422,992,1549.524338,1.562020502
11.54702,104.90707,11.56316,104.90091,1689134032,574,1916.051871,3.338069461
11.54554,104.89754,11.56283,104.8961,1689118970,724,2330.164788,3.218459652
11.59407,104.93219,11.58995,104.92774,1689146443,749,2602.107271,3.474108506
11.56309,104.88091,11.57005,104.89322,1689142840,466,5667.079807,12.16111547
11.55653,104.92155,11.58639,104.90694,1689170515,2142,6331.095216,2.955693378
11.55224,104.87108,11.55665,104.86947,1689166970,661,1474.432372,2.230608733
11.57556,104.85234,11.57508,104.86377,1689132442,259,1246.254185,4.81179222
11.57132,104.87056,11.58118,104.87013,1689147185,262,2027.652782,7.739132754
11.557,104.94016,11.57513,104.87511,1689175613,1441,8275.332419,5.742770589
11.53778,104.92737,11.5132,104.927,1689152380,679,2995.090292,4.411031359
11.58209,104.90981,11.59133,104.91176,1689128921,751,2635.12552,3.508822263
11.51924,104.93399,11.52988,104.93769,1689114047,625,1252.160221,2.003456353
11.5416,104.96074,11.53347,104.95422,1689155871,1514,3005.150217,1.984907673
11.52032,104.85951,11.50027,104.81851,1689162420,796,6586.742345,8.274801941
11.49784,104.89308,11.49174,104.89399,1689163164,417,702.7600295,1.68527585
11.58383,104.89345,11.59013,104.88197,1689176684,873,1672.525786,1.915837098
11.58515,104.91529,11.58289,104.91087,1689148274,478,848.2512044,1.77458411
11.57225,104.92276,11.56031,104.93499,1689156341,700,6927.515173,9.896450247
11.53815,104.92657,11.5318,104.93476,1689137764,663,1137.871121,1.716246034
11.57206,104.85392,11.56114,104.85294,1689176743,525,1324.002145,2.521908848
11.49839,104.82863,11.49486,104.83817,1689170592,301,1118.029493,3.714383698
11.58302,104.83094,11.57653,104.85357,1689149636,439,2971.384123,6.768528755
11.5684,104.91282,11.61291,104.90669,1689123307,1196,5473.753642,4.576717092
11.54572,104.91064,11.53295,104.92948,1689100170,966,2660.038033,2.75366256
11.53317,104.88613,11.52589,104.88129,1689165892,711,1512.371463,2.12710473
11.5372,104.95564,11.53144,104.95761,1689175924,466,1223.895843,2.626385928
11.56326,104.83164,11.55325,104.88651,1689156719,3460,7685.131081,2.221136151
11.57781,104.87035,11.58279,104.87195,1689130841,219,863.3862766,3.94240309
11.5314,104.9343,11.5216,104.94722,1689128511,399,2713.3978,6.80049574
11.52253,104.83598,11.53226,104.83305,1689160454,531,1128.040915,2.124370839
11.56404,104.92761,11.56781,104.9114,1689143431,431,2315.138041,5.371549979
11.56024,104.88913,11.56914,104.92282,1689149561,1445,3872.528422,2.679950465
11.53084,104.83882,11.54146,104.83511,1689118033,495,1286.384975,2.598757526
11.55336,104.88671,11.58794,104.85772,1689126608,1770,6495.442001,3.669741243
11.55263,104.91175,11.5503,104.91783,1689115888,584,1192.19781,2.041434607
11.56214,104.92165,11.57187,104.91926,1689126537,977,1768.833052,1.810473953
11.58772,104.92305,11.58312,104.93585,1689141170,671,5774.194797,8.605357373
11.544,104.91601,11.5739,104.9179,1689130524,1270,3401.186763,2.678099814
11.52976,104.85987,11.53213,104.86827,1689153251,283,952.3740581,3.365279357
11.58489,104.89735,11.58232,104.88798,1689164396,292,1092.28131,3.740689417
11.54465,104.91202,11.54387,104.91496,1689152407,234,575.1955226,2.458100524
11.56345,104.92445,11.56973,104.91971,1689138283,671,1788.054441,2.664760716
11.59964,104.91666,11.58096,104.91718,1689152087,801,2078.076489,2.59435267
11.55316,104.8435,11.54821,104.83562,1689146615,602,1019.770414,1.693970787
11.6067,104.89895,11.56116,104.90654,1689143728,1298,7358.262872,5.66892363
11.57457,104.92746,11.59472,104.92561,1689150939,938,2282.816184,2.433705953
11.56877,104.91863,11.55643,104.92596,1689119008,795,4347.980033,5.469157274
11.56272,104.91215,11.56472,104.90863,1689164982,524,1225.837832,2.339385175
11.50743,104.93842,11.52111,104.93329,1689162952,195,5254.087683,26.9440394
11.57556,104.89181,11.57341,104.89874,1689172500,345,835.264997,2.421057962
11.58443,104.9174,11.55701,104.91453,1689151705,1972,8799.051382,4.461993601
11.54457,104.91208,11.54277,104.9082,1689160129,791,1513.800692,1.9137809
11.553,104.92874,11.52326,104.91576,1689166236,958,4119.245859,4.299839102
11.56722,104.87084,11.58397,104.89394,1689137582,732,3222.838591,4.40278496
11.53353,104.92384,11.54591,104.92278,1689136969,884,1431.507937,1.61935287
11.56079,104.90029,11.55581,104.91721,1689133414,637,2186.892972,3.433112985
11.54468,104.8818,11.55204,104.87675,1689155858,587,986.2849109,1.680212795
11.56401,104.92764,11.5581,104.93197,1689166500,331,808.9314384,2.443901627
11.56305,104.86466,11.56213,104.8545,1689143327,184,1849.650772,10.05244985
11.55166,104.90263,11.56044,104.90122,1689136906,335,1022.705961,3.052853616
11.57441,104.88414,11.57277,104.87576,1689163439,420,930.9054361,2.216441514
11.55199,104.89739,11.55712,104.89751,1689169558,195,945.7039383,4.849763786
11.55423,104.87958,11.58852,104.8975,1689130014,1709,5170.038629,3.025183516
11.53345,104.87675,11.53864,104.90786,1689134484,2373,4407.71006,1.857442082
11.571,104.91169,11.56985,104.88812,1689152414,863,3588.581112,4.158263166
11.56389,104.9185,11.55575,104.91973,1689136091,372,914.9926307,2.459657609
11.52967,104.98213,11.55321,104.91135,1689141136,2009,10200.15988,5.077232395
11.57503,104.89127,11.5754,104.90119,1689134163,383,1081.404361,2.823510082
11.59482,104.91004,11.60506,104.90917,1689176234,326,1152.369799,3.534876684
11.56022,104.92233,11.57718,104.92259,1689122314,353,1886.081299,5.343006513
11.51302,104.88794,11.51223,104.8821,1689164822,347,664.6356977,1.91537665
11.51906,104.87771,11.50072,104.85303,1689099890,622,13421.91508,21.57864161
11.60618,104.90123,11.60215,104.91862,1689122998,1223,2474.881112,2.023614973
11.52954,104.83562,11.51376,104.85573,1689144502,1800,4842.052816,2.690029342
11.55576,104.87127,11.5291,104.8579,1689139845,2188,4629.105828,2.115679081
11.57304,104.77851,11.57235,104.78177,1689135311,1071,1784.601977,1.66629503
11.50961,104.86869,11.51321,104.8657,1689174098,390,672.9020468,1.725389864
11.5504,104.93514,11.57528,104.90565,1689151145,1417,5054.512622,3.567051957
11.56301,104.91939,11.55571,104.92293,1689135715,469,964.4996987,2.056502556
11.66175,104.86186,11.66034,104.85959,1689130334,188,292.7301782,1.557075416
11.6256,104.88505,11.62876,104.88249,1689169257,242,448.5587708,1.85354864
11.59585,104.86947,11.59817,104.87697,1689127415,259,1024.697471,3.95636089
11.68234,104.92129,11.6294,104.92338,1689138071,511,7036.869732,13.77078225
11.56174,104.89845,11.56544,104.91176,1689167284,1129,2625.048864,2.325109712
11.56387,104.89445,11.56579,104.89352,1689140061,248,982.5944301,3.962074315
11.55699,104.93183,11.56136,104.92679,1689158482,252,1292.629533,5.129482274
11.54436,104.86719,11.55539,104.88801,1689134005,644,5054.969779,7.849331955
11.58986,104.92677,11.54947,104.92174,1689122096,1948,5316.466247,2.729192119
11.44421,104.90503,11.45536,104.89931,1689156156,596,1921.298696,3.22365553
11.52996,104.83567,11.534,104.83041,1689168245,446,730.8707049,1.638723554
11.58911,104.8984,11.61205,104.88559,1689138776,642,3138.880021,4.889221216
11.56464,104.90868,11.56557,104.89666,1689128239,344,1313.50642,3.818332617
11.56858,104.87132,11.56225,104.87173,1689132522,353,705.2805633,1.997961936
11.56769,104.89455,11.56536,104.90069,1689153176,331,828.2954773,2.502403255
11.53273,104.85378,11.54364,104.85879,1689154675,325,1330.276125,4.093157308
11.55354,104.90682,11.56937,104.90009,1689126236,1040,2210.439891,2.125422972
11.56562,104.89196,11.52149,104.821,1689158089,2663,18852.18146,7.079302086
11.57783,104.87597,11.57413,104.88923,1689147597,723,1783.867445,2.467313202
11.56199,104.85468,11.5525,104.86131,1689121816,620,1295.723216,2.089876155
11.55293,104.88318,11.54758,104.89863,1689151181,370,2651.202407,7.165411912
11.55147,104.92438,11.56218,104.9221,1689171269,334,1264.103616,3.784741364
11.53073,104.93861,11.51799,104.9409,1689104447,874,1454.264495,1.663918186
